{"cameraMode":{"drawMode":0,"name":"Shaded","section":"Shading Mode"},"sceneLighting":true,"audioPlay":false,"sceneViewState":{"m_AlwaysRefresh":false,"showFog":true,"showSkybox":true,"showFlares":true,"showImageEffects":true,"showParticleSystems":true,"showVisualEffectGraphs":true,"m_FxEnabled":true},"in2DMode":false,"pivot":{"x":-0.08199883997440338,"y":0.305153489112854,"z":-0.7287733554840088},"rotation":{"x":-0.0005990375066176057,"y":0.9750556945800781,"z":-0.22194504737854005,"w":-0.0026317862793803217},"size":3.5660250186920168,"orthographic":false}