{"cameraMode":{"drawMode":0,"name":"Shaded","section":"Shading Mode"},"sceneLighting":true,"audioPlay":false,"sceneViewState":{"m_AlwaysRefresh":false,"showFog":true,"showSkybox":true,"showFlares":true,"showImageEffects":true,"showParticleSystems":true,"showVisualEffectGraphs":true,"m_FxEnabled":true},"in2DMode":false,"pivot":{"x":462.40838623046877,"y":306.214599609375,"z":-74.51190185546875},"rotation":{"x":0.005399209447205067,"y":0.022502893581986429,"z":0.00011810855357907712,"w":-0.9997408390045166},"size":116.4881591796875,"orthographic":false}