{"cameraMode":{"drawMode":0,"name":"Shaded","section":"Shading Mode"},"sceneLighting":true,"audioPlay":false,"sceneViewState":{"m_AlwaysRefresh":false,"showFog":true,"showSkybox":true,"showFlares":true,"showImageEffects":true,"showParticleSystems":true,"showVisualEffectGraphs":true,"m_FxEnabled":true},"in2DMode":false,"pivot":{"x":217.51657104492188,"y":42.13373565673828,"z":-19.2828369140625},"rotation":{"x":-0.02849433198571205,"y":0.010800902731716633,"z":-0.0003081874456256628,"w":-0.9995386004447937},"size":57.99921798706055,"orthographic":false}