{"cameraMode":{"drawMode":0,"name":"Shaded","section":"Shading Mode"},"sceneLighting":true,"audioPlay":false,"sceneViewState":{"m_AlwaysRefresh":false,"showFog":true,"showSkybox":true,"showFlares":true,"showImageEffects":true,"showParticleSystems":true,"showVisualEffectGraphs":true,"m_FxEnabled":true},"in2DMode":false,"pivot":{"x":-1.2919455766677857,"y":-0.9873054027557373,"z":-4.585991382598877},"rotation":{"x":0.008972566574811936,"y":-0.980811357498169,"z":0.18913784623146058,"w":0.04652366787195206},"size":4.044134140014648,"orthographic":false}