{"cameraMode":{"drawMode":0,"name":"Shaded","section":"Shading Mode"},"sceneLighting":true,"audioPlay":false,"sceneViewState":{"m_AlwaysRefresh":false,"showFog":true,"showSkybox":true,"showFlares":true,"showImageEffects":true,"showParticleSystems":true,"showVisualEffectGraphs":true,"m_FxEnabled":true},"in2DMode":false,"pivot":{"x":1.6974763870239258,"y":-0.36669912934303286,"z":-4.610393047332764},"rotation":{"x":-0.009757407009601593,"y":-0.9895097613334656,"z":0.11931438744068146,"w":-0.08092518895864487},"size":3.254065990447998,"orthographic":false}