{"cameraMode":{"drawMode":0,"name":"Shaded","section":"Shading Mode"},"sceneLighting":true,"audioPlay":false,"sceneViewState":{"m_AlwaysRefresh":false,"showFog":true,"showSkybox":true,"showFlares":true,"showImageEffects":true,"showParticleSystems":true,"showVisualEffectGraphs":true,"m_FxEnabled":true},"in2DMode":false,"pivot":{"x":1.555511474609375,"y":-0.7042879462242127,"z":0.8954644799232483},"rotation":{"x":0.05160307511687279,"y":0.9396997690200806,"z":-0.16402526199817658,"w":0.2956339418888092},"size":2.3285253047943117,"orthographic":false}