{"cameraMode":{"drawMode":0,"name":"Shaded","section":"Shading Mode"},"sceneLighting":false,"audioPlay":false,"sceneViewState":{"m_AlwaysRefresh":false,"showFog":true,"showSkybox":false,"showFlares":true,"showImageEffects":true,"showParticleSystems":true,"showVisualEffectGraphs":true,"m_FxEnabled":true},"in2DMode":false,"pivot":{"x":0.05612674355506897,"y":-0.13366013765335084,"z":0.026446819305419923},"rotation":{"x":-0.005242091603577137,"y":0.9906566739082336,"z":-0.13033181428909303,"w":-0.0398448184132576},"size":2.3445522785186769,"orthographic":false}